{
  "spec/samples/eighteenth_spec.rb": 0.0010552406311035156,
  "spec/samples/eighth_spec.rb": 3.0040740966796875e-05,
  "spec/samples/eleventh_spec.rb": 2.6941299438476562e-05,
  "spec/samples/fifteenth_spec.rb": 1.6927719116210938e-05,
  "spec/samples/fifth_spec.rb": 1.71661376953125e-05,
  "spec/samples/first_spec.rb": 3.314018249511719e-05,
  "spec/samples/fourteenth_spec.rb": 1.9073486328125e-05,
  "spec/samples/fourth_spec.rb": 1.621246337890625e-05,
  "spec/samples/nineteenth_spec.rb": 1.6689300537109375e-05,
  "spec/samples/nineth_spec.rb": 1.6927719116210938e-05,
  "spec/samples/second_spec.rb": 1.5974044799804688e-05,
  "spec/samples/seventeenth_spec.rb": 2.5033950805664062e-05,
  "spec/samples/seventh_spec.rb": 1.621246337890625e-05,
  "spec/samples/sixteenth_spec.rb": 1.5974044799804688e-05,
  "spec/samples/sixth_spec.rb": 3.790855407714844e-05,
  "spec/samples/tenth_spec.rb": 1.52587890625e-05,
  "spec/samples/third_spec.rb": 1.621246337890625e-05,
  "spec/samples/thirteenth_spec.rb": 1.52587890625e-05,
  "spec/samples/twelth_spec.rb": 1.5974044799804688e-05,
  "spec/samples/twentieth_spec.rb": 3.123283386230469e-05
}