{
  "spec/features/first_feature_spec.rb": 2.6925859451293945,
  "spec/samples/eighteenth_spec.rb": 0.0008289813995361328,
  "spec/samples/eighth_spec.rb": 3.409385681152344e-05,
  "spec/samples/eleventh_spec.rb": 3.0994415283203125e-05,
  "spec/samples/fifteenth_spec.rb": 2.5987625122070312e-05,
  "spec/samples/fifth_spec.rb": 2.5987625122070312e-05,
  "spec/samples/first_spec.rb": 3.0279159545898438e-05,
  "spec/samples/fourteenth_spec.rb": 5.2928924560546875e-05,
  "spec/samples/fourth_spec.rb": 2.7894973754882812e-05,
  "spec/samples/nineteenth_spec.rb": 2.6226043701171875e-05,
  "spec/samples/nineth_spec.rb": 2.7179718017578125e-05,
  "spec/samples/second_spec.rb": 2.574920654296875e-05,
  "spec/samples/seventeenth_spec.rb": 2.6226043701171875e-05,
  "spec/samples/seventh_spec.rb": 2.5987625122070312e-05,
  "spec/samples/sixteenth_spec.rb": 2.8133392333984375e-05,
  "spec/samples/sixth_spec.rb": 2.5033950805664062e-05,
  "spec/samples/tenth_spec.rb": 2.5033950805664062e-05,
  "spec/samples/third_spec.rb": 3.62396240234375e-05,
  "spec/samples/thirteenth_spec.rb": 2.6941299438476562e-05,
  "spec/samples/twelth_spec.rb": 5.0067901611328125e-05
}