{
  "spec/features/first_feature_spec.rb": 7.674675226211548,
  "spec/samples/eighth_spec.rb": 0.001104116439819336,
  "spec/samples/eleventh_spec.rb": 6.914138793945312e-05,
  "spec/samples/fifteenth_spec.rb": 0.00010228157043457031,
  "spec/samples/fifth_spec.rb": 6.29425048828125e-05,
  "spec/samples/first_spec.rb": 0.00011205673217773438,
  "spec/samples/fourteenth_spec.rb": 0.0001232624053955078,
  "spec/samples/fourth_spec.rb": 6.723403930664062e-05,
  "spec/samples/nineth_spec.rb": 5.316734313964844e-05,
  "spec/samples/second_spec.rb": 7.200241088867188e-05,
  "spec/samples/seventeenth_spec.rb": 0.00010800361633300781,
  "spec/samples/seventh_spec.rb": 0.00013113021850585938,
  "spec/samples/sixteenth_spec.rb": 8.702278137207031e-05,
  "spec/samples/sixth_spec.rb": 0.0001327991485595703,
  "spec/samples/tenth_spec.rb": 7.605552673339844e-05,
  "spec/samples/third_spec.rb": 9.179115295410156e-05,
  "spec/samples/thirteenth_spec.rb": 0.00011301040649414062,
  "spec/samples/twelth_spec.rb": 6.508827209472656e-05
}