{
  "spec/features/first_feature_spec.rb": 2.9455020427703857,
  "spec/samples/eighteenth_spec.rb": 0.0009410381317138672,
  "spec/samples/eighth_spec.rb": 6.29425048828125e-05,
  "spec/samples/eleventh_spec.rb": 4.982948303222656e-05,
  "spec/samples/fifteenth_spec.rb": 4.315376281738281e-05,
  "spec/samples/fifth_spec.rb": 5.984306335449219e-05,
  "spec/samples/first_spec.rb": 6.794929504394531e-05,
  "spec/samples/fourteenth_spec.rb": 4.410743713378906e-05,
  "spec/samples/fourth_spec.rb": 3.886222839355469e-05,
  "spec/samples/nineteenth_spec.rb": 3.5762786865234375e-05,
  "spec/samples/nineth_spec.rb": 3.790855407714844e-05,
  "spec/samples/second_spec.rb": 5.7220458984375e-05,
  "spec/samples/seventeenth_spec.rb": 3.981590270996094e-05,
  "spec/samples/seventh_spec.rb": 4.506111145019531e-05,
  "spec/samples/sixteenth_spec.rb": 4.1961669921875e-05,
  "spec/samples/sixth_spec.rb": 5.3882598876953125e-05,
  "spec/samples/tenth_spec.rb": 5.507469177246094e-05,
  "spec/samples/third_spec.rb": 4.1961669921875e-05,
  "spec/samples/thirteenth_spec.rb": 5.602836608886719e-05,
  "spec/samples/twelth_spec.rb": 3.814697265625e-05,
  "spec/samples/twentieth_spec.rb": 3.933906555175781e-05
}